日付,曜日,開院時間(h),授業ブロック等による除外時間(h),有効時間(h),1席あたり回転数(回),1日あたり最大受入人数(席数x回転数)
2026-04-01,水,12,0,=C2-D2,=FLOOR(E2/3, 1),=F2*5
2026-04-02,木,12,0,=C3-D3,=FLOOR(E3/3, 1),=F3*5
2026-04-03,金,12,0,=C4-D4,=FLOOR(E4/3, 1),=F4*5
2026-04-04,土,6.5,0,=C5-D5,=FLOOR(E5/3, 1),=F5*5
2026-04-05,日,0,0,=C6-D6,=FLOOR(E6/3, 1),=F6*5
2026-04-06,月,12,3,=C7-D7,=FLOOR(E7/3, 1),=F7*5
,,,,,,
,,,,,,
,,,,,,
"【使い方】",,,,,
"1. このファイルをExcelで開いてください。",,,,,
"2. 「1席あたり回転数」の計算式内の '3' は「1回あたりの実習時間」です。変更する場合ここを変えてください。",,,,,
"3. 「最大受入人数」の計算式内の '5' は「同時実習最大人数」です。",,,,,
"4. G列の合計(SUM)が、全学生の必要総セッション数(100人 x 7回 = 700など)を上回っているか確認してください。",,,,,
